linux,intel i8,123,234
linux,intel i8,123,234
linux,intel i8,123,234
linux,intel i8,123,234
linux,intel i8,123,234
111.11111111111111
111.11111111111111
102.22858311183806
205.44427324088343
30769.23076923077
1000
206.03688060162767
410.9307581672488
1023.1225700838961
102.07206287639073
441.696113074205
AMD Ryzen 7 5800HS with Radeon Graphics,Windows,441.306266548985
Intel(R) Core(TM) i9-9900K CPU @ 3.60GHz,Linux,703.2348804500704
Intel(R) Core(TM) i9-9900K CPU @ 3.60GHz,Windows,506.3291139240506
AMD Ryzen 7 5800HS with Radeon Graphics,Windows,258.19777949909627
AMD Ryzen 7 5800HS with Radeon Graphics,Windows,262.8120893561104
